drug,date,score,justification
ibuprofen,2023-10-04,0.8,"The reports support the gastrointestinal and dermatological organ systems, but do not explicitly mention renal issues or mild severity, and the notable pattern is partially supported by the presence of co-administered medications."
metformin,2024-12-05,0.8,"The reports support the organ systems affected (gastrointestinal and nervous system) and severity (severe, often requiring hospitalization), but do not explicitly mention macular oedema as a notable pattern."
ibuprofen,2024-04-04,0.5,"The reports support the organ systems affected and notable pattern, but the severity level is inconsistent, with both non-serious and hospitalization reports."
ibuprofen,2023-10-29,0.8,"The reports support the organ systems affected (gastrointestinal and musculoskeletal) and severity (life-threatening), but do not explicitly mention patients taking multiple medications as a notable pattern."
ibuprofen,2023-08-09,0.5,"The sample reports support the organ systems affected and severity level, but the notable pattern of association with co-administered medications is partially supported, as only a few reports mention co-administered medications, and the specific pattern of overlapping indications or potential for drug interactions is not explicitly stated."
metformin,2022-09-26,0.8,"The reports support the organ systems affected, but not all severity levels (mild) and notable patterns are explicitly stated."
metformin,2022-03-02,0.8,"Reports 4 and 7 describe renal impairment and lactic acidosis, but the claim's severity level is not fully supported as it is only 'hospitalization, life-threatening' in the reports, not explicitly 'life-threatening'."
lisinopril,2022-03-14,0.8,"The sample reports support renal and cardiovascular system involvement, but do not provide clear evidence of mild severity or a notable pattern beyond the temporal clustering."
hydrochlorothiazide,2022-10-05,0.5,"The reports support the organ systems affected and severity level, but the notable pattern is not explicitly stated in the reports, only in the aggregate stats."
amoxicillin,2023-04-24,0.5,"The sample reports partially support the claim, mentioning reproductive and gastrointestinal issues, but do not explicitly mention dermatological, cardiovascular, or nervous system issues, and the severity level is not consistently life-threatening."
hydrochlorothiazide,2023-07-31,0.8,"The reports support the organ systems affected (renal and cardiovascular) and the severity (fatal), but do not explicitly mention multiple adverse events."
omeprazole,2022-03-02,0.8,"The claim is partially supported by reports involving gastrointestinal, cardiovascular, and respiratory systems, but not all reports are life-threatening."
atorvastatin,2022-10-05,0.5,"The reports support the organ systems affected and severity level, but the notable pattern is partially supported as the reports do show a mix of non-serious and serious adverse events, but the lack of clear pattern beyond aggregate stats is not explicitly stated in the reports."
ibuprofen,2023-11-21,0.5,"The reports mention skin-related issues, but cardiovascular issues are not explicitly stated, and the severity level is not consistently mild."
hydrochlorothiazide,2022-11-17,0.5,"The sample reports partially support the claim, as they involve elderly patients taking multiple medications, including hydrochlorothiazide, but the severity level is not consistently life-threatening."
hydrochlorothiazide,2024-10-22,0.5,"The claim mentions renal failure, but the cardiovascular and musculoskeletal systems are not explicitly supported by the sources, although some reports do mention musculoskeletal-related issues."
metformin,2023-12-25,0.8,"The reports support the renal and hepatic systems being affected, and the severity being life-threatening, but do not explicitly mention cardiovascular system involvement."
ibuprofen,2023-11-12,1.0,"The sources directly support the organ systems affected (renal and gastrointestinal), severity (life-threatening), and notable pattern of severe adverse events, including renal impairment, gastrointestinal perforation, and thrombocytopenia."
amoxicillin,2024-09-19,0.5,"The claim mentions life-threatening severity, but the reports only describe non-serious/other severity."
ibuprofen,2023-08-02,0.5,"The claim mentions the nervous system, but the gastrointestinal system is only partially supported by reports 2 and 8, and the severity level is partially supported by reports 2, 3, 4, 6, and 8, but the notable pattern is plausible but not explicitly stated."
sertraline,2022-12-13,0.8,"The reports support the organ systems affected and severity level, but the notable pattern is partially supported as it only includes reports from December 11 and 12, whereas the claim mentions reports from these days and implies a broader timeframe."
atorvastatin,2022-03-02,0.8,"The reports support the organ systems affected, severity level, and notable pattern, but do not explicitly mention 'musculoskeletal system' and 'renal system' in all reports."
amoxicillin,2022-03-02,0.8,"The reports support the organ systems affected (skin and hypersensitivity) and the severity (life-threatening, as indicated by hospitalization), but do not explicitly state that all reports involved multiple medications."
sertraline,2024-09-13,0.8,"The reports support the organ systems affected and severity level, but do not explicitly mention gastrointestinal system involvement and the mix of severe and non-serious events is partially supported."
lisinopril,2023-10-19,0.8,"The reports support the organ systems affected and severity level, but the notable pattern is partially supported as it mentions sepsis and septic shock, but not intestinal perforation, and the frequency of hospitalization is not explicitly stated."
omeprazole,2023-02-01,0.8,"Reports 1, 3, 4, 5, 6, and 8 mention cardiovascular issues, and reports 1, 4, 5, 6, and 8 mention respiratory issues, but report 7 does not support the respiratory claim."
amoxicillin,2022-11-22,0.8,"The claim is partially supported by the sources, as it mentions anaphylactic shock, drug-induced liver injury, and toxic epidermal necrolysis, but does not explicitly mention cardiovascular reactions."
amoxicillin,2024-09-18,0.8,"The reports support the gastrointestinal and cardiovascular organ systems being affected, but do not explicitly state life-threatening severity for all reports, and the notable pattern is partially supported as it describes a cluster of severe adverse events, but not all reports are from 2024-09-16."
omeprazole,2022-03-07,0.8,"The reports support the gastrointestinal, renal, and cardiovascular organ systems being affected, but there is limited evidence for neurological involvement, and the severity level is mostly non-serious/other, not life-threatening."
atorvastatin,2023-06-05,0.5,"The claim mentions the nervous system, but gastrointestinal is only partially supported as it is mentioned in one report, and the severity level is life-threatening, which is supported by one report but not explicitly stated as a pattern."
metformin,2023-02-10,0.8,"The claim is partially supported by reports of cardiovascular events (myocardial infarction, cardiac arrest, peripheral artery occlusion, cerebrovascular accident) and gastrointestinal events (lactic acidosis) but lacks reports of severe gastrointestinal events."
omeprazole,2023-04-28,0.5,"The claim is partially supported, as reports involve multiple organ systems, but the severity level is not consistently life-threatening across all reports."
metformin,2023-11-24,0.5,"The sample reports include arthralgia and neuropathy, but the severity is not consistently mild and the pattern is not entirely clear."
hydrochlorothiazide,2022-09-26,0.5,"The reports support the respiratory system being affected, but the eye system is only partially supported by one report, and the severity level of 'life-threatening' is contradicted by the reports which are mostly non-serious/other, except for one report of death."
lisinopril,2023-01-20,0.5,"The claim mentions 'gastrointestinal' organ system, which is supported by reports 1 and 4, but 'cardiovascular' is only partially supported by report 7, and the severity 'fatal' is supported by reports 4 and 7, but not explicitly stated as a notable pattern in the reports."
sertraline,2024-09-05,0.5,"The claim mentions the nervous system, skin, and gastrointestinal system, but the reports do not explicitly mention the gastrointestinal system; however, the reports do show a mix of severe and life-threatening events, including those mentioned in the claim."
hydrochlorothiazide,2022-03-07,0.8,"The reports support the cardiovascular and nervous system organ systems, and the mix of serious and non-serious events, but do not explicitly mention life-threatening severity or the specific combination of medications."
